#{"t_start": 1734962106.815943, "env_id": "Walker2d-v4"}
r,l,t
-24.296004,14,0.684076
-64.835047,34,0.708753
-36.032311,14,0.721098
-88.518355,41,0.749564
-28.000712,16,0.761177
-46.368119,25,0.778797
-23.986633,12,0.786901
-21.606603,13,0.795516
-73.054118,34,0.81864
-81.824525,39,0.844443
-29.668125,16,0.854865
-25.157276,14,0.864158
-70.111717,31,0.887131
-34.011327,16,0.898261
-31.007951,12,0.906267
-32.318896,18,0.918036
-54.438169,22,0.932695
-88.346355,39,0.958238
-17.838155,11,0.965273
-31.934567,14,0.975312
-81.123967,29,0.995901
-22.67789,14,1.005256
-21.077631,11,1.012685
-49.030662,26,1.029734
-25.505962,12,1.037597
-28.661642,16,1.048046
-35.116018,18,1.060003
-19.791433,11,1.067354
-51.128598,21,1.082537
-29.569226,17,1.094278
-17.398437,11,1.101606
-21.142847,12,1.108971
-40.246594,19,1.122046
-53.858818,25,1.139103
-22.435398,12,1.146575
-53.294433,27,1.163891
-33.31605,19,1.17665
-49.552822,24,1.193914
-31.525834,15,1.203939
-19.544388,12,1.211903
-16.267073,12,1.219865
-41.906431,20,1.244503
-27.27832,15,1.256147
-76.847913,37,1.283919
-72.363859,52,1.322224
-23.30231,14,1.33159
-13.985525,10,1.338594
-28.454021,22,1.353618
-40.027197,19,1.366563
-19.232344,13,1.375842
-34.548127,21,1.389531
-42.609007,20,1.404507
-29.163729,15,1.414535
-25.146655,19,1.428138
-33.017464,16,1.439308
-71.515642,44,1.468128
-28.812284,14,1.477246
-64.296663,29,1.496004
-25.66394,14,1.50692
-28.112871,14,1.516402
-46.608331,21,1.530833
-43.699612,24,1.546444
-40.3997,15,1.556318
-17.531633,10,1.563168
-23.684213,11,1.571234
-50.91241,22,1.586855
-24.757207,14,1.598561
-48.800931,26,1.618374
-37.681394,18,1.630687
-17.419707,10,1.637656
-42.166058,18,1.649484
-17.75788,13,1.657906
-17.603763,8,1.663284
-36.580304,21,1.677256
-41.946608,21,1.691584
-26.341229,16,1.702186
-25.616877,16,1.713638
-69.378621,31,1.735284
-38.890673,20,1.748616
-20.847518,11,1.757991
-21.654591,16,1.7734
-52.808012,19,1.790896
-27.736186,14,1.802954
-36.499747,24,1.824497
-32.910948,21,1.838884
-32.424792,20,1.852671
-44.040889,20,1.866039
-32.667697,18,1.878021
-20.758669,10,1.884353
-24.271095,15,1.894625
-83.47385,34,1.918232
-52.710808,27,1.938617
-50.254469,21,1.952717
-39.814237,20,1.965752
-37.555919,19,1.978087
-27.333429,12,1.986166
-24.504652,15,1.996142
-59.074518,28,2.014118
-36.411833,26,2.031215
-25.079644,14,2.042402
-20.058256,12,2.050719
-24.209368,12,2.059405
-70.965215,30,2.083223
-43.400364,19,2.099184
-33.675307,19,2.112044
-34.507923,19,3.965289
-27.369577,26,3.983665
-37.279814,17,3.995097
-15.822408,9,4.001251
-23.594959,12,4.009403
-40.103888,20,4.024642
-21.473498,11,4.032459
-25.782997,15,4.042977
-55.949762,26,4.060597
-95.023601,38,4.08651
-21.268495,16,4.097087
-23.608194,13,4.105847
-22.436154,13,4.11475
-15.813111,11,4.123186
-14.691731,9,4.131351
-22.055414,13,4.140878
-24.427371,12,4.148977
-19.918003,12,4.157329
-38.515966,19,4.170525
-15.149797,9,4.176532
-23.168904,13,4.185288
-33.980647,17,4.196492
-26.510616,17,4.208051
-22.537934,16,4.218796
-27.058613,13,4.229852
-81.147276,39,4.256792
-39.402665,22,4.271825
-47.780384,20,4.285478
-29.661503,17,4.296968
-22.637496,15,4.306994
-16.919822,9,4.313158
-35.204943,21,4.328303
-14.180984,10,4.335424
-34.326039,21,4.350166
-21.119378,9,4.356784
-36.697994,18,4.36941
-16.578265,9,4.375481
-50.733663,25,4.392182
-28.091975,17,4.403773
-34.873144,19,4.416493
-34.200783,20,4.429968
-15.507132,10,4.437299
-37.98105,22,4.453029
-24.161272,13,4.462107
-16.186627,9,4.468163
-24.171671,13,4.477008
-29.088923,15,4.48773
-23.213689,12,4.495781
-25.825365,14,4.505195
-23.664039,13,4.513977
-20.775639,10,4.520616
-29.840502,18,4.532779
-35.560783,21,4.548674
-24.267734,14,4.558807
-44.681255,20,4.572317
-23.102028,11,4.579749
-21.707185,13,4.588583
-15.474817,8,4.593943
-27.427091,18,4.606085
-21.677582,11,4.613416
-43.64395,22,4.62831
-28.064713,15,4.638228
-34.516903,18,4.651973
-20.119895,11,4.659858
-32.263816,18,4.672173
-24.497255,12,4.680199
-14.151093,7,4.685015
-36.734137,18,4.696976
-34.896048,15,4.706971
-25.186372,15,4.716704
-20.519123,14,4.72597
-50.252584,23,4.741855
-22.05082,16,4.753669
-29.420462,21,4.773073
-16.645513,8,4.778661
-27.125584,15,4.789115
-14.65235,7,4.793848
-37.039864,22,4.809033
-46.485405,23,4.824524
-23.066679,10,4.83129
-31.29545,13,4.83993
-21.635645,16,4.850758
-18.294239,10,4.858312
-14.967746,9,4.865169
-28.702402,16,4.876799
-20.601783,14,4.886312
-21.546799,11,4.893718
-56.341228,28,4.912915
-35.14134,16,4.92387
-17.597535,10,4.930758
-29.519718,16,4.941488
-41.550617,20,4.954824
-18.312934,10,4.96259
-30.078716,19,4.976431
-41.341679,19,4.990368
-36.083456,15,5.00051
-43.480364,22,5.015243
-24.658188,12,5.023528
-60.289445,32,5.044863
-68.78249,35,5.068994
-33.218873,16,5.080745
-26.62082,15,5.091187
-21.284055,12,5.099177
-33.598953,21,5.113471
-22.262886,11,5.121091
-17.207916,11,5.128662
-16.609364,11,5.137324
-44.928993,17,5.148882
-16.013039,14,5.158136
-51.142116,25,5.175798
-55.559874,23,5.192321
-22.945284,10,5.199185
-15.66768,12,5.207769
-24.695951,13,5.216536
-21.851414,13,5.225509
-22.396102,9,5.232042
-62.450614,28,5.251589
-19.055536,8,5.25698
-25.080392,14,5.266478
-14.235522,9,5.272548
-24.840695,16,5.284189
-17.208086,8,5.290169
-36.3184,18,5.302993
-24.45807,14,5.312638
-17.500987,11,5.320094
-21.811433,14,5.32961
-27.383971,15,5.339978
-19.68053,9,5.345902
-29.807443,16,5.356782
-18.079834,9,5.362848
-20.681825,12,5.370636
-22.363271,14,5.380035
-27.929356,19,7.119577
-27.273111,17,7.131569
-23.837114,13,7.141468
-24.242834,13,7.152065
-12.636572,7,7.15755
-21.84038,12,7.165891
-29.446525,16,7.177446
-15.79763,10,7.185446
-18.297293,11,7.193144
-27.6214,13,7.201849
-28.769194,21,7.215711
-26.48797,16,7.226255
-30.818363,15,7.236445
-19.027321,11,7.244035
-21.235263,13,7.25275
-19.9082,14,7.262024
-15.199583,8,7.267416
-12.331191,10,7.274379
-17.54303,11,7.282353
-31.016446,17,7.294585
-20.009653,10,7.301624
-19.312154,12,7.310149
-34.038122,17,7.321602
-16.174074,8,7.32684
-18.18311,12,7.334971
-18.959514,10,7.341943
-29.247939,16,7.3526
-14.898086,8,7.357872
-15.736722,8,7.363324
-17.592093,10,7.369857
-16.29224,8,7.375218
-30.629958,13,7.38509
-13.825656,9,7.391849
-19.551386,12,7.400208
-22.630111,11,7.408026
-13.845173,9,7.414023
-19.321093,9,7.420173
-44.034529,17,7.431758
-40.398656,19,7.444547
-18.401806,11,7.451661
-24.615711,12,7.459588
-17.478839,10,7.466141
-27.549782,15,7.476242
-21.853856,12,7.484277
-16.993,10,7.49168
-28.10437,15,7.50262
-13.628524,11,7.510215
-21.778798,8,7.515596
-33.192141,15,7.526299
-16.733745,13,7.535124
-27.991975,16,7.545555
-17.541692,8,7.55073
-70.675969,33,7.572685
-21.453228,13,7.581249
-15.854173,8,7.586502
-26.679681,11,7.594647
-17.16941,10,7.602969
-61.096382,27,7.621586
-21.693158,10,7.628338
-29.517116,16,7.639093
-20.680219,9,7.645074
-24.80867,14,7.654716
-30.979948,18,7.666703
-22.982924,10,7.673311
-24.241592,13,7.682322
-17.473473,13,7.690905
-14.053959,10,7.698497
-27.63036,13,7.70798
-21.396245,9,7.714133
-15.112692,10,7.721911
-18.756711,9,7.727731
-25.652373,13,7.736538
-16.351385,8,7.778091
-28.581395,18,7.790737
-35.034996,14,7.800258
-38.640961,14,7.810942
-21.944261,14,7.821139
-18.793034,9,7.827431
-42.361798,20,7.841783
-27.51047,11,7.849277
-17.175714,9,7.855443
-18.368271,10,7.861879
-13.604337,8,7.867362
-16.879612,11,7.874746
-28.413679,15,7.884634
-20.812431,12,7.892578
-69.400173,31,7.914434
-21.577969,15,7.925725
-11.161901,10,7.93253
-20.245488,9,7.938716
-18.779747,15,7.948722
-14.896447,9,7.954693
-19.319326,10,7.961314
-30.901914,12,7.969362
-30.16864,19,7.982073
-37.030616,19,7.994751
-15.985496,9,8.000828
-13.187671,7,8.005383
-32.024516,18,8.018157
-20.843252,10,8.025577
-21.174526,13,8.034564
-13.537262,7,8.039583
-20.337863,11,8.047005
-14.500394,9,8.053071
-34.530395,16,8.063639
-19.901852,11,8.07122
-22.983741,14,8.080707
-19.239155,9,8.086914
-43.985129,21,8.101619
-24.785085,15,8.111469
-33.345371,28,8.132126
-26.824601,11,8.140254
-14.307886,10,8.147036
-49.584193,30,8.167042
-23.078539,14,8.176173
-21.408811,12,8.184103
-23.224059,12,8.192149
-24.931278,14,8.201486
-15.462229,9,8.207327
-17.523614,9,8.213333
-13.6047,9,8.219565
-12.511265,8,8.224886
-21.930855,17,8.238289
-27.888328,13,8.247434
-15.204541,9,8.253633
-23.94656,13,8.262385
-16.596211,9,8.268432
-13.556561,10,8.275016
-30.374479,17,8.286496
-20.002171,12,8.294556
-18.212038,10,8.300973
-29.904831,13,8.309576
-36.02406,18,8.321789
-29.731503,12,8.329805
-19.054975,12,8.33878
-29.365199,18,8.350929
-20.39348,9,8.357572
-29.958562,16,8.368138
-16.532876,9,8.374398
-21.46504,15,8.384229
-14.509758,11,8.391805
-14.2004,8,8.397079
-25.508525,18,8.409029
-14.706797,9,8.414866
-45.919579,22,8.429863
-40.628791,20,8.443816
-19.536586,9,8.450522
-17.981073,12,8.459207
-17.926764,8,8.464839
-24.822604,17,8.476058
-24.143857,15,8.486373
-18.555252,13,8.494874
-25.230441,13,8.503731
-34.565758,17,8.515255
-21.384636,13,8.523734
-40.308639,25,8.541012
-13.178835,7,8.546646
-34.38309,24,10.177463
-13.729966,10,10.184517
-20.620433,14,10.193765
-20.385638,11,10.201357
-21.394081,12,10.209346
-19.705756,11,10.216609
-27.884749,12,10.225549
-17.523539,10,10.23388
-17.163381,10,10.241672
-16.892619,12,10.250582
-48.799038,19,10.265012
-28.746134,17,10.276573
-13.62777,6,10.280704
-20.858676,12,10.288689
-12.781044,8,10.294147
-13.953557,8,10.299375
-16.24988,13,10.308079
-14.135827,11,10.316932
-16.889221,9,10.322989
-16.150432,11,10.330594
-16.495546,11,10.338514
-29.646232,15,10.349108
-13.274166,7,10.354215
-12.569035,8,10.359748
-29.206726,14,10.369292
-15.623728,8,10.374564
-27.768475,14,10.384165
-17.49921,9,10.389882
-27.193772,16,10.400289
-28.247827,17,10.411518
-21.666888,11,10.418767
-19.049399,11,10.42599
-17.575536,9,10.432806
-13.071892,9,10.439094
-13.947581,11,10.447359
-19.144648,13,10.456773
-23.81732,11,10.464332
-22.99217,13,10.472945
-14.350598,9,10.478802
-18.524116,9,10.484528
-15.324574,8,10.490247
-15.175303,9,10.496075
-12.99902,9,10.501981
-23.170079,12,10.509729
-23.757248,14,10.519056
-35.110941,20,10.532021
-29.539613,16,10.544551
-24.253829,15,10.555059
-34.49307,19,10.568706
-18.341995,11,10.575563
-23.009573,12,10.583545
-25.57094,15,10.593271
-19.544153,12,10.601407
-17.944271,9,10.607366
-16.3228,12,10.615969
-32.569802,15,10.625702
-45.557249,20,10.639175
-27.282544,17,10.652657
-15.468052,7,10.657499
-18.413477,13,10.666251
-22.492336,10,10.673071
-22.016602,13,10.681799
-15.425309,7,10.686605
-15.998328,9,10.692527
-24.099434,14,10.70185
-20.567388,13,10.710474
-15.858568,8,10.715721
-24.502208,12,10.723618
-15.988187,10,10.730289
-30.894889,18,10.74206
-21.262617,11,10.750261
-36.469633,15,10.760876
-13.021854,9,10.766811
-15.21324,10,10.773868
-15.472842,7,10.778671
-14.828407,8,10.783895
-22.887788,11,10.791072
-15.411509,8,10.79641
-18.926872,11,10.80381
-20.060503,9,10.809763
-14.52596,12,10.818971
-16.823405,10,10.826568
-42.852548,18,10.840114
-15.417952,9,10.84601
-19.309716,14,10.856545
-14.891884,8,10.862553
-14.737292,8,10.867897
-14.56009,10,10.874974
-27.821669,13,10.883677
-16.658434,9,10.889827
-24.01432,14,10.898788
-16.743088,9,10.905011
-23.180584,10,10.911911
-21.218158,13,10.920747
-21.600796,14,10.929687
-17.888256,10,10.936415
-13.429002,7,10.940891
-23.80862,12,10.948975
-16.332698,10,10.955893
-24.931604,12,10.964666
-17.956309,9,10.971825
-17.857867,10,10.978669
-13.13652,9,10.98483
-16.365973,10,10.991471
-12.321535,7,10.995964
-17.785438,11,11.003305
-16.843403,8,11.008545
-15.320874,7,11.013226
-18.548818,9,11.019423
-23.619676,11,11.026425
-13.319025,9,11.032579
-15.149746,9,11.038585
-19.011085,11,11.045823
-24.301143,13,11.053996
-17.554899,11,11.061392
-32.173888,18,11.07562
-12.3322,7,11.080546
-14.429787,10,11.087664
-18.062684,10,11.094141
-19.181567,9,11.100249
-18.198049,11,11.107537
-38.948891,19,11.120464
-16.459496,10,11.127383
-20.490866,13,11.135939
-15.125418,7,11.140618
-21.6055,12,11.148233
-16.605755,12,11.156219
-22.344066,10,11.162925
-16.620622,10,11.170396
-14.919014,9,11.176363
-23.669442,15,11.187565
-21.107474,10,11.194217
-17.711556,10,11.201246
-11.845546,9,11.207378
-13.160954,8,11.212722
-15.157399,8,11.217953
-20.479881,14,11.227236
-15.788458,8,11.232596
-14.741337,10,11.24119
-16.918403,9,11.249116
-14.453965,11,11.258272
-20.647348,11,11.270951
-17.56548,9,11.285918
-18.524774,10,11.296734
-13.587148,9,11.304086
-23.222942,16,11.31712
-19.528965,12,11.327289
-22.057422,11,11.389775
-35.198478,21,11.417848
-14.375843,8,11.423355
-16.736362,13,11.431861
-17.637862,11,11.439114
-18.748624,12,11.447197
-22.417219,13,11.455986
-36.442053,21,11.469831
-26.310566,15,11.479715
-19.371955,7,11.484392
-20.088946,10,11.490687
-12.099181,7,11.496288
-17.216207,10,11.504133
-19.288127,11,11.511496
-19.204785,10,11.518143
-18.731129,9,11.52428
-11.762966,9,11.530132
-17.448054,11,11.537553
-14.326212,9,11.54333
-49.653184,23,11.558642
-23.712656,10,11.565478
-15.096122,8,11.5711
-16.016759,11,11.579975
-19.054803,17,11.593073
-16.580831,8,11.59954
-13.892339,10,11.606856
-21.296211,12,11.615823
-17.569313,10,11.623218
-28.218772,16,11.634632
-20.937365,12,11.642455
-42.473687,23,11.657948
-19.60474,10,11.664643
-32.180407,17,11.675955
-17.075844,9,13.350719
-13.075959,8,13.356713
-15.287084,13,13.366353
-14.745139,11,13.373699
-12.943517,8,13.379138
-12.377326,9,13.38604
-14.530571,8,13.39241
-13.753601,7,13.397339
-15.178543,10,13.404545
-17.68239,11,13.41216
-14.200633,7,13.416767
-33.642423,15,13.426687
-17.109283,9,13.432948
-18.471429,12,13.441023
-13.785136,10,13.447685
-14.999597,8,13.452983
-35.646726,18,13.464818
-14.513786,9,13.47087
-16.583264,12,13.478941
-15.792497,8,13.484229
-13.220907,7,13.48976
-15.651983,9,13.496267
-12.955849,7,13.501095
-18.290494,9,13.507547
-14.726097,11,13.514761
-18.532356,10,13.521515
-13.952402,9,13.527511
-12.355669,8,13.532803
-16.174692,10,13.539444
-19.266539,12,13.54758
-17.758123,9,13.553582
-14.366168,8,13.558932
-18.327901,9,13.565015
-14.323155,8,13.570387
-15.21498,10,13.57714
-21.926459,11,13.584556
-12.346995,7,13.5893
-14.683582,7,13.596146
-15.144998,9,13.603795
-10.930649,6,13.608155
-12.843289,8,13.613598
-13.191672,7,13.618478
-14.817145,8,13.623961
-14.644614,8,13.629156
-13.029172,8,13.634648
-19.627359,9,13.640726
-19.72834,12,13.648904
-16.860142,9,13.655045
-12.394667,7,13.659835
-12.488857,8,13.665135
-15.395094,12,13.673167
-17.535693,10,13.680065
-13.150595,8,13.68545
-27.952942,12,13.69328
-20.916957,10,13.700921
-13.660956,11,13.709414
-15.536738,8,13.715073
-17.069176,11,13.722701
-18.309416,10,13.729443
-17.564892,9,13.735525
-11.74658,9,13.741684
-17.368116,9,13.747798
-15.324751,8,13.753171
-17.650545,11,13.760527
-14.826971,8,13.765909
-17.905934,9,13.771867
-15.003224,9,13.777719
-12.781974,10,13.784463
-15.552987,9,13.79061
-14.296243,7,13.795333
-14.552279,8,13.800538
-16.061573,8,13.806582
-20.481843,11,13.814399
-13.568405,9,13.821048
-12.911808,7,13.825615
-16.609973,10,13.832575
-18.50133,8,13.837783
-15.558012,8,13.855873
-19.220666,10,13.865993
-15.814136,7,13.870867
-25.022,18,13.882962
-12.034214,9,13.889159
-12.169829,8,13.894309
-16.449954,12,13.902435
-12.133597,7,13.907335
-15.767739,10,13.915007
-15.177055,9,13.922187
-16.115903,8,13.927616
-15.542189,11,13.935287
-17.752894,11,13.942535
-12.151123,8,13.947673
-11.113424,6,13.951765
-15.26306,7,13.956364
-18.171831,9,13.962482
-12.992153,8,13.967975
-15.123165,9,13.974061
-15.04224,9,13.979981
-13.308812,10,13.986696
-20.214864,12,13.994589
-13.732831,7,13.999192
-15.2725,10,14.005877
-19.819262,11,14.013307
-15.731453,8,14.019648
-12.577677,7,14.02497
-20.073492,10,14.033051
-15.737257,8,14.039747
-12.749841,7,14.044984
-15.464565,10,14.051876
-22.121887,11,14.059388
-13.171026,8,14.064924
-14.636768,14,14.074317
-15.885737,8,14.079662
-16.669471,15,14.089926
-16.418662,8,14.097075
-14.039409,7,14.102107
-14.502441,7,14.107066
-13.019905,8,14.112305
-13.008922,9,14.118359
-13.296782,6,14.123271
-13.106599,8,14.12885
-13.421626,10,14.13653
-13.155446,7,14.141105
-16.544822,8,14.146478
-17.313204,9,14.152536
-16.268273,8,14.157992
-13.999052,9,14.163907
-14.00745,7,14.168566
-16.740862,10,14.175332
-18.202335,11,14.182579
-13.431556,12,14.19054
-20.298003,11,14.197819
-13.969466,8,14.203312
-17.045944,11,14.21054
-20.273063,12,14.218503
-19.671792,10,14.225142
-16.219665,9,14.232048
-13.109947,8,14.238388
-14.466597,7,14.243105
-16.053467,11,14.250416
-13.46312,8,14.255879
-23.692545,15,14.266112
-16.968264,9,14.272378
-21.674822,10,14.279036
-12.127918,8,14.284267
-13.322679,7,14.289175
-24.631531,15,14.299023
-14.597026,6,14.303095
-16.704976,9,14.309028
-21.345953,11,14.316187
-15.319019,10,14.322817
-15.497837,7,14.327331
-13.987786,8,14.333543
-13.989307,10,14.340333
-15.810813,8,14.346256
-15.788479,13,14.355308
-15.658935,10,14.365114
-15.356862,10,14.37182
-25.151188,10,14.378473
-16.291194,9,14.384616
-19.21201,9,14.39055
-16.778292,9,14.396765
-23.799499,15,14.406505
-31.86001,15,14.416206
-15.015821,11,14.423375
-15.387393,11,14.430586
-18.977031,11,14.437841
-21.836529,13,14.447873
-15.922542,11,14.455804
-13.97828,8,14.476822
-20.740867,10,14.486099
-15.655285,11,14.493281
-14.831918,8,14.498817
-20.941356,12,14.506758
-21.325458,13,14.515305
-14.357609,9,14.521371
-15.926838,10,14.527838
-21.690267,14,14.537263
-13.669317,8,14.54258
-12.881213,8,14.548688
-16.64594,9,14.555343
-20.674438,11,14.56293
-17.725939,9,14.569524
-14.748461,8,14.575028
-13.948638,10,14.581576
-18.770915,14,14.590975
-11.346024,10,14.597961
-12.480758,8,14.603469
-18.095923,11,14.610623
-15.477103,13,14.619906
-12.791633,7,14.624408
-10.910419,6,14.628498
-16.233905,9,14.651479
-16.27999,9,14.658402
-15.766741,8,14.663847
-15.953679,10,14.67087
-12.877838,11,14.678315
-12.207778,8,14.683737
-14.790104,8,14.689397
-13.231366,10,14.696101
-17.992108,9,14.702128
-12.191235,8,14.707703
-16.602384,8,14.713081
-18.684246,13,14.721748
-13.800728,6,14.725738
-15.182244,11,14.733933
-15.765055,9,14.740139
-13.574581,9,14.74617
-18.643705,11,14.754651
-13.248147,7,14.75944
-20.412755,10,14.79641
-12.39588,9,14.803009
-19.923122,10,14.809848
-15.156577,9,14.815842
-14.410656,8,14.821486
-12.969403,7,14.826064
-12.972819,7,14.830796
-16.510729,9,14.836807
-16.344946,9,14.842913
-13.482591,8,16.512867
-13.512048,9,16.519081
-12.669242,7,16.523874
-11.613453,8,16.530227
-13.337034,7,16.535103
-18.497105,9,16.541764
-12.86731,7,16.546754
-16.025606,10,16.553734
-18.209205,12,16.562437
-13.217396,8,16.568003
-17.034991,9,16.575183
-16.961363,8,16.581253
-14.516948,9,16.58867
-12.479748,7,16.59364
-16.682096,10,16.600586
-20.170289,10,16.607375
-16.405512,8,16.612723
-12.78203,7,16.617295
-16.68918,10,16.624083
-15.792274,10,16.630719
-11.293332,9,16.637597
-17.217275,11,16.646535
-12.85676,8,16.652427
-16.304392,10,16.659353
-15.292484,8,16.664718
-14.073309,7,16.669448
-15.500453,9,16.675506
-18.100566,11,16.68298
-17.762523,10,16.689899
-15.46242,13,16.698611
-19.101019,8,16.704065
-13.905046,7,16.708751
-13.069272,6,16.712831
-11.852258,8,16.718318
-17.137921,9,16.724296
-14.273507,7,16.7291
-19.191856,10,16.735794
-19.559144,10,16.743417
-14.341511,10,16.750614
-16.202031,11,16.758269
-13.401942,7,16.763001
-14.606402,8,16.768381
-21.029614,12,16.776353
-13.806483,7,16.780891
-23.049119,13,16.789722
-13.044696,7,16.794506
-13.993019,11,16.802381
-13.712104,7,16.807135
-14.197619,9,16.813057
-12.466849,7,16.817713
-18.700175,13,16.82633
-13.175217,6,16.830226
-13.474078,10,16.83681
-12.534883,8,16.842177
-12.290527,7,16.847911
-13.252405,7,16.852481
-17.353359,12,16.861252
-14.8714,7,16.866066
-15.719625,8,16.872052
-13.873561,9,16.878196
-11.937119,8,16.887784
-13.447764,7,16.8987
-12.845619,7,16.905788
-14.596927,8,16.913789
-17.619879,11,16.924182
-14.315257,7,16.929872
-12.996201,7,16.935377
-28.95248,14,16.944947
-15.894548,9,16.951178
-12.761384,8,16.957614
-20.516162,9,16.964495
-16.596487,10,16.971872
-16.493258,8,16.977548
-12.836868,9,16.983671
-15.134732,9,16.989736
-21.495234,11,16.997536
-14.805738,9,17.003665
-16.381221,9,17.009441
-16.490287,10,17.016406
-17.807037,11,17.023757
-15.019106,9,17.029821
-15.743175,9,17.036525
-16.593118,10,17.044259
-15.207896,8,17.049911
-12.407412,9,17.055992
-16.850613,9,17.063614
-14.654241,7,17.070545
-19.382997,9,17.077671
-14.704178,9,17.084844
-14.850258,9,17.091796
-13.542016,7,17.098564
-13.384573,8,17.105164
-13.971779,6,17.109639
-15.945395,9,17.11544
-14.599124,8,17.120941
-19.879752,10,17.127696
-19.80607,12,17.135835
-13.291307,7,17.140523
-13.405819,7,17.14532
-12.783341,7,17.15024
-14.968244,8,17.155658
-13.139946,8,17.161652
-12.588686,8,17.167103
-16.433281,9,17.174013
-13.929146,8,17.179683
-16.165636,8,17.185258
-11.986661,7,17.190105
-14.339131,10,17.197043
-12.127417,9,17.203059
-22.640494,10,17.209785
-11.760852,8,17.215006
-18.56775,9,17.221159
-12.936869,10,17.227707
-24.123581,13,17.236418
-21.067893,12,17.244837
-12.512537,7,17.249748
-18.061037,10,17.256477
-17.976146,9,17.262581
-16.84135,10,17.270005
-13.963694,8,17.276135
-20.980587,11,17.283683
-13.805492,8,17.289727
-16.64083,11,17.297154
-16.558774,11,17.305004
-12.920569,7,17.309669
-13.245466,7,17.314212
-17.44632,9,17.320177
-14.151934,7,17.324723
-11.28522,6,17.32892
-15.38252,8,17.334159
-15.237964,8,17.339531
-21.235574,10,17.346064
-14.814017,7,17.350795
-16.914253,10,17.357524
-13.385796,6,17.361428
-13.29636,8,17.366961
-18.32651,11,17.375122
-20.058984,11,17.383316
-13.431427,6,17.387941
-14.589153,11,17.395391
-14.450033,8,17.400878
-12.778937,8,17.406535
-17.138922,9,17.412529
-15.903045,10,17.419361
-13.192439,9,17.425427
-16.448608,11,17.432989
-12.989536,7,17.437636
-9.910827,8,17.442744
-14.691733,8,17.448066
-12.981665,7,17.452668
-13.022303,8,17.457897
-14.983804,9,17.463885
-11.562016,9,17.470006
-13.027768,9,17.476028
-20.015188,14,17.486884
-15.592277,7,17.491776
-11.991483,7,17.496607
-15.273353,7,17.501384
-14.38286,10,17.508154
-14.552749,9,17.514238
-10.779368,8,17.519646
-22.546794,10,17.52621
-16.776239,9,17.532309
-16.763217,9,17.538194
-13.473137,7,17.542956
-12.945554,8,17.548173
-15.999326,8,17.553646
-15.271937,10,17.560322
-11.892768,7,17.5651
-16.846603,9,17.571381
-12.315713,9,17.577322
-14.246163,8,17.58267
-12.521671,7,17.588158
-14.38932,8,17.594399
-14.823918,8,17.6001
-13.737165,8,17.605701
-13.764589,9,17.611922
-14.750313,8,17.617207
-15.515326,10,17.624015
-17.143929,11,17.630925
-18.732824,11,17.638239
-11.235238,6,17.642166
-18.005579,8,17.647691
-15.429412,10,17.654427
-14.072972,9,17.660573
-15.583771,7,17.665245
-17.032809,9,17.671153
-13.52554,8,17.676221
-13.615089,10,17.682782
-14.160973,9,17.689509
-13.076949,7,17.694314
-19.316601,10,17.702232
-16.351314,9,17.708599
-13.837408,9,17.71476
-14.102079,9,17.720904
-15.576012,7,17.725492
-13.779711,7,17.730171
-13.548464,7,17.734762
-12.981622,8,17.740203
-13.886069,7,17.745026
-19.802975,9,17.751103
-12.380918,7,17.75582
-14.581284,10,17.762564
-12.563235,8,17.767937
-17.49536,7,17.772519
-17.648568,10,17.779209
-11.767401,7,17.783734
-11.956453,8,17.789176
-12.225122,8,17.795505
-13.479394,9,17.801904
-22.792488,10,17.809504
-10.975661,7,17.814148
-11.891242,9,17.82046
-13.924983,9,17.826625
-14.454848,9,17.832768
-15.965883,8,17.837958
-17.108137,11,17.845518
-17.777835,14,17.854901
-12.138307,7,17.859657
-13.487502,7,17.864281
-12.403617,7,17.868838
-15.387982,9,17.874876
-14.742747,8,17.88004
-20.996462,10,17.886565
-13.776449,9,17.892509
-15.852433,8,17.897703
-15.025939,8,17.903947
-18.591325,9,17.911219
-14.280043,8,17.91723
-12.938222,8,17.923117
-14.38753,8,17.928613
-11.322307,6,17.932593
-17.717478,10,17.939244
-17.391657,9,17.945351
-19.60149,9,17.951447
-13.391359,9,19.560394
-19.652753,12,19.568937
-13.970134,9,19.574976
-11.308506,7,19.579682
-12.021391,7,19.585255
-12.71535,8,19.590703
-10.738677,7,19.596296
-14.249164,7,19.601331
-11.844273,6,19.605771
-12.992138,10,19.612301
-13.66334,7,19.617035
-13.865743,8,19.622579
-12.584221,12,19.630314
-12.724856,7,19.634873
-14.804993,10,19.642328
-15.162869,9,19.648415
-14.355837,9,19.654528
-11.317586,7,19.659242
-12.238805,6,19.663185
-14.155909,9,19.669364
-15.618959,9,19.675298
-16.425228,12,19.683637
-15.806275,8,19.690567
-13.614327,8,19.696862
-12.142012,7,19.701654
-12.9335,7,19.706731
-10.749179,7,19.711449
-14.647197,9,19.717777
-19.536672,11,19.725366
-13.895124,8,19.730814
-14.682663,6,19.734862
-13.918115,7,19.739715
-16.929629,10,19.746516
-16.569302,11,19.753784
-11.91156,8,19.759094
-12.5602,7,19.763986
-12.855391,7,19.76856
-16.738028,9,19.774635
-12.60279,8,19.780095
-15.280031,8,19.785605
-12.346548,7,19.790393
-16.519873,10,19.797927
-14.898354,9,19.805154
-11.942617,9,19.811482
-13.686382,7,19.816351
-15.328918,8,19.822461
-13.189371,9,19.828451
-15.219772,8,19.833905
-13.48943,8,19.839112
-18.837174,9,19.845097
-13.05477,7,19.849626
-13.273455,7,19.854475
-12.702573,8,19.859739
-15.157046,9,19.865677
-13.84265,6,19.869769
-12.985997,10,19.876313
-15.83326,7,19.881064
-13.859255,8,19.886241
-12.143364,8,19.891498
-15.132048,8,19.89676
-12.295197,6,19.901672
-14.138795,8,19.907965
-12.592729,7,19.912817
-14.022438,7,19.917782
-12.089967,8,19.923532
-15.363236,8,19.928938
-13.219025,7,19.933634
-14.6609,8,19.939159
-15.898453,7,19.943928
-13.924257,9,19.949932
-15.248339,8,19.955337
-12.682965,7,19.960093
-10.798148,8,19.965688
-16.445056,10,19.972561
-11.321513,8,19.977867
-12.905742,10,19.984432
-16.374116,8,19.989876
-13.279705,7,19.99447
-19.449319,10,20.001023
-15.857143,10,20.008574
-12.941846,6,20.013578
-16.859962,10,20.021688
-15.54394,10,20.028311
-12.664818,7,20.03318
-13.087928,9,20.039247
-13.418599,9,20.045175
-12.806286,8,20.050539
-13.398147,8,20.055837
-13.765839,7,20.060679
-12.533663,7,20.065369
-12.516024,7,20.070009
-13.740075,7,20.074711
-13.109229,9,20.080746
-13.85132,8,20.0862
-13.915179,7,20.090781
-11.977891,8,20.096055
-13.911313,7,20.100937
-13.751923,8,20.106176
-12.651568,8,20.112403
-13.175339,7,20.117831
-20.29901,11,20.1258
-15.147689,8,20.131097
-12.767902,7,20.135945
-14.578341,8,20.141097
-21.023652,14,20.150551
-13.178431,7,20.155407
-13.91388,7,20.159892
-12.797389,10,20.166586
-15.151409,10,20.17322
-15.032074,8,20.178627
-13.124885,8,20.183814
-11.539838,9,20.189928
-17.376594,12,20.198271
-12.381754,8,20.203588
-13.360701,9,20.209615
-13.098815,10,20.21713
-13.612094,7,20.222464
-17.515346,9,20.228728
-17.617456,10,20.235833
-13.878432,7,20.240635
-10.862709,6,20.244682
-14.538852,7,20.249263
-12.522983,8,20.25461
-13.024002,6,20.258598
-15.227464,8,20.263949
-20.994317,13,20.272592
-14.73734,8,20.278033
-17.416159,13,20.28651
-12.804612,10,20.293455
-13.225516,6,20.297395
-13.867322,11,20.304532
-14.864351,8,20.30986
-11.331594,8,20.315208
-14.234989,8,20.321624
-12.234773,8,20.3272
-19.873187,12,20.335554
-15.106564,7,20.340709
-14.426341,8,20.346076
-13.631895,7,20.350828
-12.625547,8,20.356839
-17.647195,9,20.363007
-11.765979,7,20.367707
-13.006757,7,20.372482
-10.85515,7,20.377495
-15.515272,9,20.383627
-12.21868,8,20.388894
-12.157192,8,20.394383
-13.882742,7,20.399268
-14.441439,8,20.404776
-17.724282,10,20.411379
-12.181098,6,20.41538
-14.769915,9,20.421283
-17.246594,7,20.42685
-14.9776,8,20.432815
-14.588169,9,20.439663
-13.745614,10,20.446953
-16.543444,8,20.452358
-15.439549,8,20.457674
-13.789271,7,20.462258
-13.300428,7,20.466836
-15.434304,8,20.472148
-12.203914,7,20.476668
-11.540765,6,20.480691
-12.800728,9,20.486527
-13.48256,8,20.491824
-12.157794,7,20.496557
-11.236603,7,20.501284
-12.003864,8,20.50674
-15.15955,7,20.511575
-14.036565,7,20.516198
-14.971227,11,20.523481
-12.476691,7,20.528007
-12.091032,7,20.533524
-15.536974,10,20.541306
-13.059704,7,20.54623
-15.840492,11,20.555152
-11.42527,7,20.560679
-13.183323,7,20.565704
-13.16747,7,20.571341
-10.967821,7,20.576382
-13.628303,8,20.581937
-14.699115,7,20.586664
-14.149204,8,20.592032
-12.029807,7,20.596704
-14.841168,7,20.601651
-13.549555,8,20.607023
-11.201014,7,20.611834
-11.253331,8,20.617075
-15.676323,8,20.622494
-11.459098,6,20.626566
-13.78794,7,20.631283
-13.035363,9,20.637988
-18.896912,11,20.645979
-14.784607,9,20.652615
-10.945379,6,20.656905
-10.9649,7,20.661596
-13.941772,7,20.666496
-14.99369,9,20.672769
-12.708483,8,20.678063
-13.977677,7,20.682639
-20.038358,14,20.691962
-12.731766,8,20.697286
-12.705794,8,20.703077
-15.431817,7,20.707735
-10.984305,7,20.712374
-13.388514,7,20.717012
-18.121693,10,20.723605
-13.888084,7,20.728204
-15.870824,8,20.733531
-16.265104,7,20.738119
-14.267846,8,20.744274
-12.882532,7,20.748999
-16.495782,12,20.758388
-11.612949,7,20.763542
-12.648389,7,20.768397
-13.191102,7,20.77315
-13.88466,7,20.778235
-13.47557,7,20.78296
-14.165355,7,20.787942
-12.687557,7,20.792706
-15.682199,8,20.797998
-13.504619,8,20.80372
-11.115125,6,20.807709
-16.683093,10,20.814367
-14.525215,9,20.820411
-10.99487,7,20.825012
-11.642577,7,20.829722
-14.566844,7,20.834591
-13.432583,7,20.839064
-13.49356,9,20.845041
-12.89815,8,20.851444
-12.591979,8,20.857514
-12.860299,8,20.862993
-13.611603,8,20.868471
-17.349325,9,20.874606
-13.622927,8,20.880026
-13.923708,8,20.885449
-18.178811,10,20.892041
-14.567663,7,20.896688
-12.110335,7,20.901284
-13.368725,7,20.906
-16.236805,9,20.911979
-10.825688,7,20.916608
-16.014943,9,20.922715
-10.721926,7,20.928388
-13.411654,7,20.933615
-10.529324,7,20.94985
-14.371861,9,20.957052
-16.878979,9,20.963844
-11.419656,7,20.968943
-14.599563,8,20.974697
-10.166066,7,20.979284
-18.080112,9,20.985356
-13.244861,7,22.656694
-12.427513,8,22.662393
-11.354153,8,22.66801
-14.149997,9,22.674054
-13.38875,7,22.678613
-13.806765,6,22.682789
-14.377346,8,22.688304
-13.513057,8,22.693712
-12.693482,7,22.698386
-11.14727,6,22.702312
-12.370734,7,22.706738
-10.235236,7,22.711401
-12.811091,8,22.716762
-13.643721,8,22.722265
-14.049112,8,22.728017
-12.980426,8,22.733495
-12.434544,7,22.739064
-12.943913,7,22.743888
-9.957598,9,22.750808
-11.105441,6,22.755123
-14.543147,8,22.760722
-10.50487,7,22.765549
-12.657421,8,22.770823
-15.629035,10,22.777467
-12.973979,7,22.782031
-13.068145,8,22.787286
-10.828641,6,22.791053
-10.347243,7,22.795974
-15.002515,8,22.801199
-11.126322,7,22.806013
-15.379552,9,22.812221
-16.107014,10,22.819048
-14.573835,8,22.824688
-14.442991,8,22.829905
-14.183433,7,22.834828
-17.875944,11,22.843516
-16.377625,10,22.851294
-12.203222,9,22.865463
-12.098662,7,22.870963
-15.573377,9,22.87916
-12.681426,8,22.884719
-11.775762,8,22.889723
-13.722061,8,22.898154
-13.431824,7,22.903044
-12.894271,7,22.907598
-12.178329,8,22.912678
-11.860556,9,22.918398
-15.554062,10,22.924984
-12.164518,8,22.930206
-11.945652,8,22.935482
-11.790276,6,22.939585
-13.603651,8,22.944772
-10.574737,6,22.94983
-12.411486,9,22.957315
-12.583106,7,22.963348
-16.119511,9,22.971837
-19.232341,9,22.979229
-13.107654,8,22.985682
-11.168313,8,22.992017
-13.092852,8,23.001141
-18.882044,12,23.013372
-16.196743,10,23.02262
-11.468743,8,23.030109
-12.702443,8,23.036198
-12.95932,10,23.042938
-13.73364,7,23.047458
-13.386492,7,23.053053
-13.367463,7,23.05787
-12.118944,6,23.063071
-12.64918,7,23.071494
-12.951831,8,23.090619
-11.117488,7,23.095994
-13.473877,7,23.101254
-13.666538,7,23.105706
-11.900579,7,23.110544
-13.932678,8,23.116088
-11.865264,8,23.121458
-18.333145,12,23.129551
-14.707271,9,23.167838
-12.893694,8,23.174514
-15.752506,9,23.180581
-11.253943,6,23.184662
-13.832485,7,23.190039
-11.0947,7,23.194891
-12.584705,8,23.215729
-11.197613,7,23.221043
-11.102759,6,23.225243
-12.081858,8,23.232356
-10.510847,7,23.237194
-12.722594,7,23.24154
-17.800669,9,23.247423
-12.849799,9,23.253549
-12.686238,11,23.260886
-14.170168,8,23.267428
-14.517537,9,23.274241
-10.137926,8,23.279774
-16.353156,8,23.284979
-14.756915,7,23.29007
-11.1825,6,23.294033
-14.735884,8,23.299224
-13.666591,7,23.304278
-13.611403,9,23.310212
-13.478905,9,23.316337
-14.720208,9,23.322275
-12.885096,7,23.326914
-10.924057,6,23.330779
-12.854489,6,23.334547
-13.153867,10,23.341597
-13.708132,8,23.346771
-12.136561,7,23.351889
-11.732553,8,23.357782
-11.455781,6,23.362839
-12.810567,9,23.368881
-12.770046,8,23.375119
-10.475152,7,23.380264
-12.142363,7,23.384878
-10.710085,7,23.389818
-12.841663,7,23.394461
-14.224803,8,23.400063
-11.210773,6,23.404189
-13.748291,9,23.410316
-14.561153,8,23.415681
-13.847552,8,23.421139
-13.951917,9,23.427139
-13.072367,7,23.43192
-15.395634,10,23.438556
-13.371641,10,23.44528
-12.886592,8,23.450518
-12.522527,7,23.455168
-14.625128,7,23.459805
-13.817507,7,23.464611
-14.09688,9,23.470628
-14.860046,9,23.477239
-15.092395,10,23.484698
-16.614341,8,23.4905
-15.993679,10,23.4972
-12.910294,7,23.501688
-16.707721,10,23.508163
-13.794803,8,23.513612
-14.047141,6,23.517632
-13.494466,7,23.522284
-14.642122,7,23.526754
-12.636353,7,23.531382
-9.949504,7,23.536021
-14.175445,9,23.541985
-11.847757,8,23.547391
-11.368731,9,23.553189
-11.421262,7,23.557885
-12.960835,7,23.562426
-16.551499,9,23.568193
-12.755258,8,23.573202
-11.774069,6,23.576862
-12.025071,9,23.583581
-10.719322,6,23.58771
-11.032199,7,23.593501
-15.321674,7,23.598578
-10.843304,6,23.602734
-14.362796,7,23.607756
-15.09439,8,23.613072
-11.822018,9,23.619057
-21.991781,13,23.627668
-14.551527,8,23.633033
-15.608776,9,23.639135
-13.475232,9,23.645325
-13.816383,9,23.651406
-12.144968,8,23.656618
-12.276291,8,23.662068
-15.115237,7,23.666608
-13.375552,7,23.671127
-12.360504,7,23.675706
-14.693646,8,23.681169
-11.969885,8,23.686496
-12.149492,9,23.693237
-15.643231,12,23.702331
-13.642033,7,23.707349
-12.988991,7,23.712066
-13.090828,9,23.718301
-13.03863,8,23.723468
-13.932879,8,23.728745
-10.254814,7,23.733688
-11.967877,7,23.739292
-12.422491,7,23.744037
-13.701427,7,23.748769
-13.699731,8,23.754067
-16.718287,10,23.760855
-15.197449,8,23.76622
-12.363695,7,23.770773
-13.311898,7,23.775476
-13.285378,8,23.780582
-12.268278,8,23.78598
-11.104324,7,23.790673
-13.208246,8,23.79683
-14.912019,8,23.802561
-11.913996,7,23.80768
-10.785231,7,23.812491
-14.627,9,23.818367
-13.476304,8,23.824266
-14.100715,9,23.830484
-11.890096,9,23.836295
-11.887124,7,23.840679
-15.488191,9,23.846863
-11.161183,7,23.851528
-13.12583,7,23.856257
-13.232602,7,23.860689
-12.950209,8,23.865932
-13.212834,7,23.870424
-13.167871,7,23.874847
-13.252352,8,23.879895
-13.725252,8,23.885041
-12.127489,9,23.890927
-15.007833,11,23.898171
-13.343737,7,23.903746
-14.537366,7,23.909203
-14.487098,7,23.914042
-12.936153,7,23.918575
-11.004117,7,23.923534
-11.783417,7,23.928035
-10.617301,7,23.932867
-16.022049,9,23.938742
-12.581365,8,23.944127
-11.997673,8,23.949611
-14.661628,9,23.955833
-14.60511,8,23.961337
-12.924098,7,23.966034
-13.277543,8,23.971336
-11.154732,7,23.975998
-15.678649,8,23.981237
-10.758783,7,23.986102
-11.724345,9,23.99197
-10.816834,7,23.997407
-12.524553,9,24.003175
-11.651346,8,24.009405
-12.001201,8,24.015389
-12.913399,8,24.021359
-12.875069,7,24.026019
-13.913175,9,24.032143
-15.479257,11,24.039385
-10.806212,7,24.04401
-15.676928,10,24.050616
-11.971497,8,24.055787
-14.318806,8,24.061008
-12.733228,7,24.06666
-12.512842,7,24.071329
-12.646044,9,24.077245
-14.689263,10,24.083767
-11.837169,8,24.088962
-14.804407,9,24.095702
-13.520883,9,24.101691
-14.709757,9,24.107397
-13.530257,9,24.114122
-12.839353,7,24.119454
-13.4049,7,24.124261
-10.359494,7,24.129117
-13.123142,7,24.133693
-14.747785,9,24.14001
-17.767604,8,24.145473
-12.869507,8,24.150716
-12.635369,7,24.15538
-15.409061,9,25.833778
-10.63286,7,25.839064
-10.975095,7,25.84411
-13.318562,7,25.84922
-10.705219,6,25.8534
-12.497115,7,25.858005
-14.239824,7,25.862646
-13.149434,8,25.86789
-12.715162,7,25.87271
-10.491284,11,25.879881
-16.91485,11,25.887297
-14.425268,8,25.89265
-12.872387,8,25.898982
-13.068212,8,25.905479
-11.495476,6,25.909721
-12.958285,7,25.914635
-14.375072,7,25.919699
-14.956311,11,25.927157
-12.427324,8,25.932672
-12.186862,8,25.938164
-12.391473,7,25.943021
-11.998229,8,25.948533
-10.128369,7,25.95336
-12.948775,7,25.957991
-10.297832,7,25.962761
-13.289856,7,25.967337
-12.201867,7,25.972014
-12.264726,7,25.976567
-14.083432,8,25.981938
-11.178212,6,25.986118
-10.957357,7,25.99084
-14.144682,8,25.995953
-12.08523,8,26.002369
-12.190144,7,26.007109
-9.966535,7,26.012802
-11.64416,7,26.018429
-12.041865,8,26.024454
-12.730228,7,26.029348
-14.755992,8,26.03476
-12.17076,9,26.040852
-11.231083,8,26.046042
-12.615695,7,26.05066
-12.332271,10,26.057401
-14.221989,9,26.064071
-11.194662,6,26.068053
-12.949406,7,26.07269
-11.939675,8,26.077903
-11.154241,7,26.08254
-12.320366,11,26.089997
-12.156891,6,26.093978
-10.741616,7,26.098752
-11.132345,7,26.104391
-10.467,7,26.109134
-12.281351,8,26.11548
-12.49192,7,26.120805
-12.590633,7,26.125465
-12.536121,8,26.130936
-12.541163,8,26.136337
-12.085071,9,26.14231
-11.248617,6,26.146393
-13.234237,7,26.151118
-11.296213,6,26.155194
-10.833691,6,26.159202
-10.116177,7,26.164124
-10.443161,7,26.168814
-10.774436,7,26.173574
-10.227812,7,26.178131
-13.058089,7,26.182765
-13.227164,7,26.187434
-12.873195,7,26.191806
-15.022269,9,26.197767
-14.159162,9,26.203826
-10.859054,8,26.209918
-13.014239,9,26.21644
-12.945088,7,26.221596
-15.898319,10,26.228715
-12.412897,7,26.233591
-12.586084,7,26.238468
-12.369342,8,26.243812
-12.886688,6,26.247759
-12.422232,7,26.252575
-14.444251,7,26.257209
-14.215514,10,26.263969
-13.185831,7,26.269127
-12.768966,7,26.274134
-11.91201,7,26.279061
-12.992728,9,26.28535
-11.103802,6,26.289714
-11.174967,9,26.295783
-12.716266,7,26.300437
-10.085103,8,26.306013
-13.540827,9,26.312042
-12.327483,8,26.318343
-16.063475,8,26.324126
-12.241964,7,26.329045
-10.265521,8,26.334461
-13.720612,7,26.339949
-12.327942,7,26.344787
-11.454077,7,26.349672
-11.931984,8,26.35555
-11.110572,6,26.359648
-13.456745,7,26.364325
-14.589643,8,26.36984
-13.479378,8,26.375198
-12.730603,7,26.379904
-12.794915,8,26.385298
-11.771148,10,26.391979
-12.705235,8,26.397355
-14.224554,8,26.402515
-12.588319,7,26.407167
-13.172684,9,26.413099
-11.112167,7,26.417999
-12.206499,8,26.42428
-10.873317,6,26.429092
-10.844188,7,26.434037
-11.605854,8,26.439613
-15.080325,9,26.445636
-14.315505,9,26.451954
-10.445755,10,26.459455
-11.955133,9,26.465291
-13.301529,7,26.469931
-11.162019,6,26.473829
-13.799249,11,26.481187
-11.568029,9,26.487276
-12.853093,9,26.493333
-13.959725,9,26.499374
-12.679372,8,26.504641
-12.006312,8,26.509968
-12.949333,9,26.515904
-14.076094,8,26.521654
-15.760931,10,26.529376
-11.759896,8,26.535638
-11.807519,7,26.540776
-15.897838,8,26.546216
-15.102768,8,26.551646
-12.857029,9,26.557707
-12.095106,7,26.562512
-12.6369,7,26.567456
-13.364992,7,26.572368
-13.764952,7,26.577635
-11.718414,7,26.583563
-10.745339,10,26.591437
-10.943922,7,26.59626
-12.148855,8,26.601582
-11.973394,8,26.60703
-15.804989,9,26.612995
-14.195783,9,26.61914
-11.632358,9,26.625319
-12.102664,7,26.629941
-16.369487,8,26.636215
-14.398752,8,26.642304
-10.711857,7,26.647564
-12.947017,7,26.6528
-11.779846,7,26.65764
-12.732434,8,26.662788
-11.958481,8,26.668316
-16.733242,11,26.675837
-13.184976,7,26.6805
-12.014396,8,26.685971
-12.74115,7,26.690687
-12.363271,7,26.696026
-12.186295,7,26.700793
-10.28144,6,26.704961
-10.741208,7,26.709613
-11.202814,6,26.713909
-12.472403,7,26.718658
-10.752039,6,26.722622
-14.94873,9,26.728643
-15.964462,10,26.735177
-12.184787,7,26.740746
-14.448385,7,26.746603
-14.069826,7,26.75153
-12.686207,7,26.756591
-10.811661,7,26.761388
-11.665791,9,26.767521
-12.453243,7,26.772191
-12.480153,8,26.777955
-13.892426,7,26.782592
-11.834515,9,26.788483
-12.761268,7,26.793313
-12.31586,7,26.798009
-10.578642,8,26.803346
-12.826994,7,26.808026
-12.55856,7,26.812564
-11.031567,7,26.817232
-13.449792,8,26.822484
-13.335107,11,26.829559
-11.788785,7,26.834278
-11.238279,10,26.841096
-14.10522,6,26.846026
-11.975724,8,26.85167
-11.372384,7,26.857151
-15.83229,11,26.864676
-11.577755,6,26.868925
-13.535041,7,26.874037
-11.881903,7,26.878919
-10.248266,8,26.884406
-11.292785,10,26.891057
-15.245694,8,26.896394
-13.376763,7,26.90122
-13.409476,7,26.906095
-15.131561,8,26.911461
-13.086338,7,26.916
-13.084388,8,26.921323
-12.189107,10,26.928024
-11.861061,8,26.933304
-13.495044,11,26.940574
-12.165927,7,26.945187
-11.310493,6,26.950133
-13.947347,9,26.956863
-12.198683,8,26.962555
-12.374312,8,26.968256
-14.292837,7,26.973474
-13.281838,7,26.978231
-14.599226,8,26.986049
-12.32718,8,26.994484
-13.590187,8,27.006161
-11.971828,8,27.016112
-13.052498,8,27.022908
-9.951498,8,27.028444
-11.673903,9,27.034906
-11.515068,8,27.040281
-12.436077,7,27.044986
-14.09636,9,27.051121
-11.345665,8,27.057388
-13.335653,8,27.064161
-12.349198,7,27.07017
-13.275223,7,27.075699
-13.100079,7,27.081261
-13.510296,7,27.087232
-12.320433,7,27.092464
-13.835293,7,27.098781
-12.506638,7,27.104337
-11.520705,9,27.111298
-12.788929,7,27.116055
-10.414117,7,27.120936
-13.462245,10,27.129216
-11.176331,7,27.133934
-10.883918,8,27.139407
-10.890727,7,27.143813
-11.728643,8,27.149135
-12.263739,8,27.154675
-12.636535,8,27.160579
-13.453105,7,27.165392
-11.391762,7,27.170436
-11.839677,8,27.175982
-11.234365,6,27.180023
-10.74013,6,27.184068
-12.003641,7,27.18905
-13.877101,9,27.195127
-12.006352,9,27.201308
-11.561375,9,27.207521
-13.297859,7,27.212233
-10.628126,7,27.216964
-12.681952,7,27.22179
-10.830707,7,27.226344
-12.515894,8,27.231616
-9.680192,8,27.236921
-14.512594,10,27.243434
-12.057507,9,27.249621
-12.440415,7,27.254265
-12.225894,7,27.259024
-13.195276,7,27.263733
-14.201995,9,27.270344
-12.398263,8,27.276461
-13.674963,7,28.90746
-13.393153,8,28.913611
-13.301035,7,28.918534
-15.471457,11,28.926309
-10.62286,6,28.930436
-11.053952,6,28.934383
-10.771519,7,28.939157
-10.419966,8,28.945505
-10.392353,7,28.950905
-10.889916,9,28.957783
-12.899427,7,28.962744
-11.228979,7,28.967556
-13.457195,7,28.972357
-9.952607,9,28.978499
-10.059935,7,28.983228
-12.075878,9,28.989146
-11.819307,8,28.99461
-12.631275,7,28.999399
-10.04595,8,29.004771
-11.434945,6,29.008839
-11.63229,8,29.014227
-10.973342,7,29.019867
-10.798796,7,29.02557
-14.198504,8,29.033009
-12.697734,8,29.039152
-14.068695,9,29.045324
-10.455632,7,29.051197
-13.053182,7,29.056624
-11.47811,9,29.063032
-10.976133,7,29.067756
-12.563015,7,29.073161
-10.471194,9,29.079703
-13.30189,6,29.083779
-14.371534,8,29.089196
-11.389608,7,29.093983
-11.603446,6,29.098113
-10.94254,6,29.102252
-10.93542,7,29.107067
-11.852943,8,29.112431
-13.416018,8,29.117651
-12.48357,7,29.122494
-10.918556,7,29.127358
-13.767161,9,29.133335
-15.342284,9,29.13935
-10.545259,7,29.144255
-12.225157,9,29.150362
-12.576575,9,29.157382
-12.373282,7,29.162796
-12.626297,8,29.168644
-11.477477,7,29.173735
-11.439057,10,29.180519
-12.116565,7,29.185417
-11.47657,8,29.190901
-12.572955,8,29.196357
-11.073719,6,29.200493
-12.796388,6,29.204674
-12.698888,8,29.21002
-11.300728,7,29.214875
-12.251782,8,29.220516
-10.488164,6,29.224488
-15.040019,8,29.230055
-12.795534,8,29.235879
-12.297807,8,29.240953
-10.302311,7,29.245773
-10.739004,7,29.250576
-12.851467,8,29.256004
-11.137035,9,29.262948
-10.928049,7,29.268384
-10.549374,8,29.274432
-10.696435,7,29.279294
-11.206752,7,29.284076
-11.356494,7,29.288974
-12.782531,8,29.294259
-12.138133,7,29.298958
-11.948472,9,29.305279
-11.496932,9,29.311167
-13.173878,10,29.317886
-13.359394,9,29.324074
-13.3889,8,29.32975
-9.934345,8,29.335325
-13.544377,8,29.340698
-11.795187,8,29.346145
-10.364037,7,29.350797
-12.568338,8,29.356212
-13.530262,10,29.362857
-11.211966,7,29.368492
-12.195482,7,29.374288
-10.357581,9,29.380942
-12.097062,7,29.385995
-12.745481,7,29.390759
-12.553835,8,29.396368
-11.790382,9,29.402396
-12.405036,7,29.40725
-13.839781,9,29.41325
-12.776274,7,29.418163
-12.645912,7,29.422885
-13.890949,8,29.428299
-11.250343,7,29.432978
-12.748869,7,29.437677
-11.893266,9,29.443813
-10.142108,7,29.448543
-12.933614,7,29.45309
-14.951684,10,29.459773
-12.315125,8,29.465125
-10.786135,7,29.470851
-10.394651,7,29.475659
-11.903821,9,29.482528
-13.67836,10,29.489714
-12.12765,8,29.495145
-12.323566,8,29.500735
-14.456252,10,29.5076
-10.862247,7,29.512475
-12.518797,8,29.517837
-10.261535,8,29.523326
-13.769091,7,29.528025
-12.189455,8,29.53349
-11.745893,7,29.53841
-11.242405,6,29.54239
-11.865123,8,29.547899
-13.270461,7,29.552683
-13.290719,9,29.558791
-10.85735,7,29.563457
-12.03837,8,29.568843
-11.695461,9,29.574915
-10.711554,6,29.580031
-12.4434,7,29.585714
-12.220036,7,29.591394
-11.893828,7,29.596552
-12.921236,8,29.602415
-10.415749,9,29.608552
-12.517516,7,29.613845
-10.957749,7,29.618518
-12.595806,7,29.623214
-10.071906,8,29.628707
-10.799955,7,29.633603
-12.044049,8,29.63904
-9.789015,9,29.645127
-12.49495,7,29.649756
-12.868407,9,29.655884
-13.745513,9,29.661926
-11.825384,7,29.666579
-11.522024,6,29.670562
-11.973645,9,29.676498
-13.349431,7,29.681225
-12.977544,7,29.686712
-13.04892,7,29.69235
-10.784257,6,29.6966
-13.070333,9,29.702894
-13.25996,12,29.711248
-13.182206,8,29.716726
-11.908115,7,29.721608
-10.956354,7,29.726182
-12.67942,7,29.730987
-13.434854,8,29.736159
-10.220698,7,29.740992
-13.320512,9,29.747176
-12.177913,7,29.751969
-11.828881,8,29.757377
-13.12576,7,29.762381
-13.378098,8,29.767779
-10.890817,6,29.772173
-11.035611,7,29.777311
-11.738778,9,29.783909
-12.582507,11,29.79379
-12.129745,7,29.799508
-12.242577,7,29.804902
-12.002222,9,29.811178
-12.960414,8,29.816849
-10.963483,7,29.82191
-11.961862,8,29.827432
-12.465031,7,29.832569
-9.932023,8,29.838122
-10.1077,9,29.844212
-12.480052,7,29.84902
-11.997735,8,29.854313
-11.808839,8,29.859699
-10.516481,7,29.864348
-11.148267,6,29.868505
-10.304387,8,29.873865
-12.103053,8,29.879338
-10.560691,6,29.883518
-10.863747,7,29.888244
-11.00966,7,29.893051
-10.992206,7,29.898519
-15.313894,14,29.909098
-16.458401,10,29.916195
-12.317498,8,29.922165
-15.712769,7,29.927068
-12.760449,7,29.931768
-11.113242,10,29.938706
-10.384988,6,29.942954
-11.539786,9,29.949025
-10.314435,7,29.953927
-12.214377,8,29.959388
-11.897571,8,29.964799
-13.939719,8,29.97022
-11.958595,8,29.975632
-10.258599,7,29.98051
-10.576766,7,29.985475
-10.59248,8,29.990838
-10.89467,7,29.995585
-12.948778,10,30.003431
-10.973033,7,30.008524
-11.845665,7,30.027985
-12.439267,7,30.033273
-12.491632,7,30.038515
-11.184229,6,30.043262
-11.412412,8,30.04855
-10.512286,8,30.054253
-10.174125,7,30.058948
-12.603936,8,30.064313
-12.38771,7,30.068939
-12.48775,6,30.072846
-13.19332,9,30.078909
-10.500457,8,30.084734
-10.496857,6,30.088853
-13.984865,9,30.09465
-12.302735,7,30.099345
-12.465869,8,30.104666
-12.275948,8,30.111501
-12.272103,7,30.117048
-13.396496,6,30.121645
-10.809525,8,30.126968
-13.535855,9,30.132969
-12.543603,7,30.137799
-13.62508,8,30.143237
-10.864921,7,30.147909
-10.183932,7,30.152749
-10.266097,7,30.157289
-12.661415,7,30.162018
-13.732748,8,30.167505
-11.270593,7,30.172262
-13.356831,6,30.176208
-13.049178,8,30.181472
-11.426372,8,30.186916
-14.631404,8,30.192224
-10.33747,8,30.19758
-11.057059,7,30.202236
-10.853148,6,30.206244
-12.995732,7,30.21076
-12.329219,8,30.216878
-10.962952,6,30.222419
-10.706366,6,30.226819
-10.767274,9,30.232903
-12.434239,8,30.238441
-10.970169,7,30.243106
-12.654178,8,30.248475
-13.666967,6,30.252523
-11.262306,7,30.257135
-13.314366,7,30.261975
-11.331331,6,30.266073
-12.690341,8,30.271462
-13.071213,7,30.276125
-13.290422,8,30.281446
-10.561953,6,30.285507
-11.503015,7,30.290374
-10.840152,6,30.294336
-12.623163,7,30.299009
-12.867713,7,30.303753
-13.804077,9,30.309721
-13.08031,7,30.314172
-10.981729,7,30.320064
-10.795501,6,30.324009
-12.756113,7,30.3288
-10.532329,7,30.333498
-12.100834,9,30.340301
-12.133629,7,30.34499
-13.423676,9,30.351136
-14.42213,9,31.964239
-11.772833,7,31.969619
-13.534251,8,31.975104
-10.708401,7,31.980009
-12.983404,8,31.986262
-11.949655,7,31.991776
-12.963846,7,31.997014
-13.942495,8,32.002695
-10.293066,8,32.008449
-11.574926,7,32.013319
-11.11564,7,32.018255
-11.569527,8,32.023847
-10.598135,7,32.030707
-10.611766,7,32.03747
-13.08835,8,32.045088
-12.293421,9,32.053491
-10.641813,7,32.060103
-12.898888,7,32.065945
-10.732429,7,32.071342
-12.813174,8,32.078365
-10.66052,6,32.083244
-11.006629,7,32.090322
-12.514957,8,32.097759
-11.111088,7,32.104142
-10.770576,7,32.110758
-13.742389,8,32.117395
-10.288359,8,32.123077
-10.732437,7,32.127857
-11.245342,7,32.132706
-11.099096,6,32.136831
-13.289662,8,32.142095
-12.009284,8,32.147625
-10.539904,8,32.153231
-12.197155,8,32.158857
-12.171342,7,32.163474
-11.602942,9,32.170605
-10.253308,7,32.176287
-10.57184,7,32.181228
-11.548834,9,32.187574
-11.196316,7,32.192452
-12.845535,10,32.200264
-11.281665,6,32.205215
-10.701566,7,32.210483
-10.401904,7,32.215357
-13.609171,9,32.221814
-13.363448,7,32.226635
-15.905067,9,32.232916
-12.437937,7,32.237778
-12.73867,8,32.243262
-12.6458,8,32.249072
-11.176353,7,32.254148
-13.277236,10,32.260754
-10.088418,7,32.265656
-10.407394,8,32.271236
-10.719672,8,32.276604
-14.104361,9,32.282869
-10.435812,7,32.287548
-10.646567,6,32.291803
-11.759797,9,32.297999
-12.83984,7,32.303881
-11.771123,8,32.309914
-10.280796,9,32.316254
-12.313958,8,32.322195
-10.352084,8,32.327898
-10.498647,7,32.332646
-10.952559,6,32.336816
-10.75092,7,32.341578
-10.709096,6,32.345785
-11.87371,7,32.350526
-10.846235,7,32.355351
-10.428,9,32.36175
-12.491117,8,32.367531
-14.068301,9,32.373945
-11.374602,10,32.380865
-10.381284,8,32.386386
-10.047548,8,32.391851
-8.86833,8,32.397532
-11.277016,7,32.403229
-10.917139,10,32.410142
-10.400076,7,32.415763
-12.618033,7,32.421011
-10.273626,7,32.42587
-11.31152,9,32.432183
-11.957285,7,32.436901
-11.372287,11,32.44443
-14.222353,9,32.450499
-13.906812,8,32.456091
-11.64185,8,32.461515
-9.235081,9,32.467781
-10.499935,6,32.471817
-11.988418,8,32.477185
-10.68515,7,32.481939
-10.975309,7,32.486662
-11.654516,8,32.492096
-13.117864,7,32.496948
-10.528688,6,32.50097
-13.276191,7,32.505812
-10.330554,8,32.512199
-11.73647,8,32.518659
-10.802063,7,32.524032
-11.727563,9,32.530095
-10.734467,8,32.535635
-12.557385,8,32.541069
-12.219883,7,32.545895
-10.139303,7,32.550572
-10.611019,7,32.555276
-11.580086,8,32.560689
-10.049098,8,32.565994
-12.447415,8,32.571567
-11.717604,8,32.577047
-11.040344,6,32.581031
-10.464788,7,32.586261
-10.60588,6,32.590321
-12.573545,8,32.595893
-10.255516,7,32.600712
-10.32709,7,32.605505
-12.340423,7,32.610198
-11.090646,6,32.615857
-12.049341,8,32.622145
-11.65529,8,32.628118
-11.73552,8,32.633871
-9.914995,7,32.638937
-11.512451,7,32.643464
-11.785576,8,32.649067
-11.458873,8,32.65462
-10.784861,7,32.659358
-10.545813,8,32.664693
-11.433183,7,32.669449
-12.094325,8,32.674961
-12.146534,8,32.680289
-12.429982,7,32.68504
-12.174748,7,32.689945
-12.447661,8,32.695387
-12.486148,8,32.700916
-11.382588,9,32.706982
-11.36215,9,32.713164
-9.724994,7,32.717843
-10.95178,7,32.723541
-11.576024,9,32.730423
-11.072993,7,32.735259
-11.194553,8,32.741079
-10.385609,8,32.746612
-9.396247,10,32.753407
-12.214066,7,32.75859
-11.137854,7,32.763459
-11.711109,8,32.768877
-15.205861,9,32.774979
-10.830711,8,32.780619
-12.756421,7,32.785447
-12.872486,8,32.7912
-12.065417,9,32.797463
-13.412493,8,32.802875
-10.044389,7,32.80764
-12.010683,7,32.812567
-10.463002,7,32.817256
-9.870394,7,32.822091
-12.388324,8,32.828483
-12.234215,8,32.834189
-11.991386,8,32.840085
-10.335094,8,32.845698
-12.407253,7,32.850557
-12.148596,8,32.856579
-10.099046,6,32.860667
-13.214716,7,32.865638
-10.846734,6,32.86982
-13.307378,7,32.874638
-10.306924,8,32.880095
-10.540664,7,32.884836
-10.912537,6,32.888848
-12.44633,8,32.894171
-10.545541,8,32.899616
-10.289483,7,32.904554
-12.119555,8,32.910036
-10.541639,7,32.914842
-10.508722,7,32.919695
-10.322915,8,32.925078
-12.736715,8,32.931454
-11.075554,7,32.936222
-10.377735,8,32.942496
-13.164983,7,32.947516
-10.947879,6,32.9516
-13.238958,7,32.956838
-12.438174,8,32.962224
-11.506746,8,32.967757
-12.235291,8,32.973098
-13.299017,7,32.977838
-11.890929,7,32.982729
-12.653095,8,32.988261
-12.458091,7,32.993115
-11.994039,7,32.997889
-11.147954,7,33.002715
-10.28795,7,33.007499
-11.426334,8,33.012748
-10.670655,7,33.017564
-12.887698,7,33.022194
-11.329608,8,33.027646
-12.519744,7,33.032444
-11.73061,8,33.038625
-11.686024,9,33.045329
-10.320996,6,33.049682
-10.447048,7,33.05504
-10.548488,6,33.059333
-9.974218,8,33.066635
-11.414154,7,33.07937
-10.912201,7,33.098239
-10.008319,8,33.104412
-9.571624,8,33.110307
-9.533924,11,33.117993
-11.090694,6,33.122433
-10.527101,8,33.1278
-11.302742,6,33.132029
-10.92479,7,33.136891
-10.551105,7,33.141633
-10.636178,7,33.14726
-10.484867,7,33.15321
-10.685143,7,33.158188
-12.085066,7,33.163099
-10.691625,7,33.168163
-11.851774,8,33.173966
-10.667519,6,33.178046
-12.326224,7,33.182702
-9.458515,8,33.188292
-12.473237,8,33.19361
-10.723852,6,33.197654
-10.676834,7,33.202487
-10.854807,7,33.207314
-10.267425,8,33.212831
-12.860924,7,33.217689
-11.718708,8,33.223217
-12.47324,8,33.228842
-12.208112,8,33.234292
-11.664889,7,33.239027
-12.080863,9,33.244986
-11.04389,10,33.252738
-10.279892,8,33.25895
-10.262321,9,33.265594
-10.308429,7,33.270583
-10.460577,7,33.275387
-9.35159,9,33.281606
-10.067039,8,33.287214
-12.51664,7,33.291941
-11.852654,8,33.297471
-10.088133,8,33.303087
-10.501704,7,33.307943
-12.376749,7,33.312691
-12.567579,8,33.318193
-10.462467,6,33.322332
-11.377789,7,33.326811
-12.287831,7,33.331779
-10.506271,8,33.337212
-12.902763,8,33.342564
-10.795681,7,33.347374
-10.32659,7,33.352903
-12.486893,8,33.358328
-12.863195,8,33.364583
-11.913382,9,33.371071
-11.526804,7,33.376038
-11.490411,8,33.381797
-12.690212,9,33.388026
-10.837439,9,33.394094
-12.418838,7,33.39881
-11.538718,9,33.405239
-11.883397,9,33.411535
-13.675043,10,33.418507
-11.512586,8,33.42408
-13.095261,11,33.431436
-10.817894,7,33.436273
-10.914452,6,33.440398
-10.193479,8,33.445743
-10.549757,8,33.451117
-10.404724,9,35.059452
-13.933155,8,35.064822
-12.030736,8,35.069818
-11.185735,7,35.0743
-11.160115,10,35.080487
-10.513973,7,35.08606
-11.052723,7,35.091138
-10.685936,7,35.097008
-10.434271,8,35.10235
-10.714756,7,35.106844
-12.388138,8,35.115313
-10.184762,8,35.120769
-10.546206,7,35.125593
-11.333387,7,35.130573
-9.674867,8,35.135702
-10.922911,7,35.140013
-10.290504,7,35.146085
-10.141997,8,35.152853
-12.188891,9,35.158554
-10.543287,7,35.163256
-10.850218,7,35.167717
-12.877814,7,35.172207
-12.170944,8,35.177681
-12.154277,8,35.183062
-13.349848,9,35.188802
-11.655871,10,35.195119
-11.445538,8,35.200288
-9.843897,9,35.205907
-12.364672,7,35.21052
-11.160551,8,35.215758
-10.483902,7,35.220412
-9.856368,8,35.2257
-12.338463,8,35.23071
-13.074238,7,35.235192
-11.144807,7,35.239719
-10.880737,7,35.244046
-12.005821,8,35.250157
-10.820899,7,35.255033
-10.781245,7,35.260118
-11.365374,7,35.264877
-11.370747,10,35.271607
-10.865599,7,35.275848
-12.427425,8,35.280844
-10.693791,8,35.286007
-10.408453,7,35.290646
-10.054234,8,35.295663
-12.098519,9,35.301415
-10.065197,7,35.30593
-10.475746,7,35.310359
-11.035112,7,35.31493
-10.843196,6,35.318842
-11.557696,10,35.325047
-11.534213,10,35.33148
-9.972214,7,35.335789
-10.232963,8,35.340736
-11.279841,7,35.345096
-9.870165,7,35.349289
-10.351733,8,35.355282
-11.04759,7,35.359913
-9.874637,8,35.365898
-9.595084,7,35.370776
-9.890884,9,35.376598
-10.253792,7,35.381255
-10.170597,8,35.386549
-10.623302,6,35.390412
-11.858336,8,35.396058
-10.30537,7,35.400917
-10.498401,8,35.406061
-12.147018,7,35.410394
-11.337856,6,35.414192
-13.114954,8,35.419284
-11.748727,7,35.423748
-11.262128,7,35.428408
-10.115401,8,35.433527
-9.860463,10,35.439815
-11.425406,6,35.443556
-10.731905,6,35.447362
-10.551237,7,35.45174
-9.912201,8,35.456813
-10.354821,7,35.462073
-10.257702,8,35.467689
-12.09717,8,35.473613
-9.960561,7,35.477886
-10.023316,6,35.48182
-11.907168,7,35.486399
-10.338518,7,35.490946
-12.927718,8,35.495961
-9.854197,7,35.500471
-10.667937,7,35.504938
-10.10772,8,35.510202
-10.761491,8,35.515125
-11.270073,10,35.521255
-10.375,8,35.526353
-9.844444,10,35.532488
-10.528184,9,35.53801
-10.61524,7,35.542361
-12.17737,7,35.54684
-10.71299,7,35.551285
-10.806313,6,35.55518
-10.000852,7,35.559542
-10.841467,7,35.565345
-13.03138,7,35.570603
-12.393174,8,35.577661
-11.736597,10,35.587877
-12.403068,7,35.592726
-10.8244,7,35.597323
-13.909648,9,35.603326
-10.601232,7,35.607755
-11.751483,6,35.614174
-10.838615,7,35.620272
-10.883119,7,35.626052
-10.831307,7,35.631673
-12.632022,8,35.638278
-10.132684,8,35.648133
-10.427163,7,35.654256
-10.864813,8,35.66156
-10.097481,9,35.668358
-10.675456,7,35.6759
-10.649776,7,35.6831
-11.349781,7,35.689541
-10.832362,7,35.709918
-11.041421,7,35.715256
-9.287563,8,35.720732
-9.960932,8,35.726145
-12.134105,7,35.730811
-10.530956,8,35.735813
-9.72047,9,35.741903
-11.941606,9,35.747837
-12.487697,8,35.75294
-12.135704,8,35.758068
-11.379292,6,35.762005
-11.139195,6,35.765924
-12.225871,8,35.771067
-11.334888,7,35.77541
-9.908974,8,35.781462
-11.169025,6,35.78623
-11.667916,6,35.790357
-11.5893,9,35.796108
-12.09412,7,35.800816
-10.613953,6,35.804761
-12.655427,7,35.809296
-11.113277,6,35.813294
-9.999787,10,35.819859
-9.988979,8,35.824849
-11.352976,9,35.830608
-9.902026,6,35.834555
-12.157341,7,35.839416
-12.014485,9,35.845382
-11.175281,7,35.849766
-11.787366,8,35.854969
-10.545228,7,35.859353
-10.43722,8,35.864574
-11.39001,8,35.869861
-10.8747,8,35.874811
-12.903873,8,35.880633
-13.058586,7,35.885014
-11.730404,8,35.891072
-10.397845,6,35.895059
-10.641045,7,35.899778
-10.376212,8,35.905706
-12.293401,7,35.910078
-11.673854,9,35.916125
-12.578947,8,35.921439
-11.213164,6,35.925131
-13.166187,7,35.92951
-12.955494,8,35.934672
-11.049676,6,35.938508
-11.883197,8,35.943614
-11.748905,9,35.949181
-10.687842,8,35.954392
-12.780888,7,35.958948
-9.80139,8,35.963917
-9.654358,7,35.968238
-10.282526,7,35.972656
-12.85847,8,35.977684
-10.29163,8,35.983576
-13.401094,8,35.988938
-10.28988,7,35.994247
-11.760386,7,35.998883
-9.056842,9,36.005112
-9.975459,8,36.010252
-9.971003,8,36.015496
-10.735374,7,36.020055
-10.755624,6,36.023912
-9.918495,8,36.028907
-10.618804,7,36.033325
-10.740248,6,36.037274
-10.770892,8,36.042324
-10.425782,7,36.046713
-10.48963,7,36.051181
-12.354102,8,36.056218
-10.917244,7,36.060722
-10.589075,7,36.065073
-11.583062,7,36.069595
-12.740806,8,36.074635
-11.090193,7,36.078944
-11.014853,7,36.083161
-9.695792,8,36.089244
-12.457077,8,36.094675
-10.558053,6,36.099197
-12.191404,8,36.104876
-12.701423,7,36.109279
-10.336397,7,36.113806
-11.304411,6,36.117806
-11.528679,7,36.122407
-10.371592,7,36.126807
-10.223811,6,36.130636
-11.403847,7,36.135214
-10.375471,7,36.139528
-11.905667,7,36.143988
-12.17541,8,36.149067
-10.375107,7,36.153792
-10.946457,7,36.158486
-10.777553,7,36.162846
-12.385349,8,36.16786
-9.926127,8,36.172927
-11.283878,6,36.176766
-12.135256,9,36.182458
-11.467229,9,36.188042
-10.566201,7,36.193422
-12.243431,10,36.200271
-10.977561,6,36.204693
-10.323152,7,36.209441
-11.867692,8,36.214752
-10.298473,8,36.219875
-11.4057,9,36.225505
-10.52292,7,36.230242
-10.088532,8,36.235094
-11.582962,9,36.241167
-13.707454,7,36.245607
-9.523574,9,36.251458
-10.374713,8,36.25649
-9.54862,10,36.262643
-9.982122,10,36.268904
-11.219221,6,36.273407
-12.768156,11,36.280264
-11.538771,9,36.285993
-10.311738,8,36.291143
-10.787463,7,36.295493
-12.80797,7,36.300941
-11.856514,8,36.306348
-11.779285,8,36.312048
-11.968117,7,36.316619
-10.360729,9,36.322612
-10.533428,8,36.327511
-12.50162,8,36.33296
-10.097701,8,36.33817
-10.164227,7,36.342656
-12.469504,8,36.347805
-10.493961,8,36.352948
-10.702001,7,36.35738
-11.356991,7,36.361927
-11.427104,7,36.366295
-10.788024,8,36.371423
-10.88533,7,36.375958
-11.973921,9,36.381607
-10.738295,8,36.386678
-10.818659,7,36.391182
-9.270249,8,36.396142
-10.279051,7,36.400571
-9.696525,8,36.406948
-12.723904,7,36.411394
-11.395455,10,36.418812
-10.383957,8,36.424424
-11.817825,8,36.429636
-10.474496,9,36.435424
-10.499956,8,36.440441
-10.325934,7,36.44473
-10.27343,7,36.449315
-11.974406,8,38.146463
-11.180313,8,38.152658
-10.657212,8,38.158307
-10.639737,7,38.163036
-13.778803,9,38.169321
-11.571446,8,38.174835
-9.369353,9,38.180812
-10.224102,8,38.186274
-12.365681,8,38.192395
-10.697545,7,38.197182
-10.473852,7,38.203031
-10.780651,9,38.209454
-10.755574,7,38.214388
-10.585236,7,38.219185
-10.593289,7,38.223946
-10.160672,9,38.23031
-11.280569,9,38.236516
-10.826607,7,38.241249
-11.866998,8,38.246455
-11.936463,9,38.252594
-10.782479,7,38.257347
-11.2281,7,38.262195
-10.074379,9,38.267975
-11.293127,6,38.272109
-10.471449,9,38.27826
-10.820228,11,38.285714
-10.135296,8,38.291135
-10.363469,8,38.296712
-11.096434,11,38.305222
-10.314228,9,38.311581
-10.824326,7,38.316483
-9.258835,10,38.323483
-10.520593,7,38.328356
-9.988634,7,38.333185
-10.160504,9,38.3393
-11.855672,8,38.3446
-12.084642,8,38.350024
-9.303722,11,38.357453
-9.764596,10,38.364114
-10.24524,8,38.369713
-11.27091,7,38.374423
-10.497401,6,38.37842
-10.335562,8,38.383818
-9.831532,9,38.389834
-11.322412,7,38.394489
-10.482039,8,38.39989
-12.954497,8,38.405893
-10.344573,7,38.411507
-10.852046,7,38.416697
-10.025928,8,38.422584
-12.115664,8,38.428545
-10.327052,8,38.433983
-9.707714,10,38.456429
-11.642225,10,38.463648
-9.882703,9,38.470212
-10.758271,8,38.476308
-12.210496,7,38.480959
-11.137645,7,38.485782
-10.660189,7,38.490651
-9.916195,8,38.495857
-11.932196,9,38.501697
-12.867079,8,38.507399
-9.481674,9,38.514292
-10.756971,7,38.519973
-9.217881,10,38.526947
-12.168756,9,38.53323
-9.877445,9,38.539681
-10.237078,7,38.544706
-10.090659,9,38.550846
-10.283798,8,38.556343
-9.839039,9,38.562519
-12.232565,9,38.568707
-9.58635,8,38.574054
-11.162457,6,38.578159
-11.833122,8,38.583392
-11.351361,8,38.588585
-9.421867,10,38.595319
-9.792639,8,38.600677
-9.529573,8,38.605936
-11.503548,10,38.612697
-12.499062,7,38.618361
-10.446738,8,38.624515
-10.15738,9,38.630961
-9.501449,8,38.636809
-11.494579,10,38.643619
-10.243087,8,38.648978
-9.991524,9,38.654818
-10.78293,6,38.658737
-11.793095,10,38.665727
-10.629523,7,38.670411
-11.65686,9,38.676448
-12.745658,9,38.682664
-10.295132,8,38.687968
-10.515369,8,38.693167
-10.896999,8,38.698456
-10.264945,8,38.703763
-10.537809,7,38.708458
-10.516469,8,38.713792
-11.095856,10,38.721271
-9.567288,7,38.725953
-12.36794,8,38.732303
-10.291004,7,38.737709
-10.909075,10,38.744532
-12.27168,9,38.750692
-10.329173,8,38.756253
-10.376812,7,38.760845
-10.821844,7,38.765577
-9.701937,10,38.7722
-13.088916,7,38.776865
-11.503182,9,38.78281
-11.935225,8,38.788334
-10.380344,7,38.792987
-10.173514,7,38.797844
-10.43999,8,38.803187
-10.391743,7,38.80789
-10.624068,7,38.812614
-9.997026,8,38.817874
-12.584372,8,38.823195
-10.840157,7,38.828659
-10.071551,8,38.834151
-11.332574,10,38.84154
-10.2734,7,38.846343
-10.71991,8,38.851865
-10.798726,7,38.856701
-11.742144,10,38.863405
-10.194447,9,38.869548
-10.29409,8,38.874856
-10.350251,7,38.8794
-11.422562,9,38.885606
-11.065509,6,38.889642
-10.504122,8,38.89502
-11.929573,7,38.899613
-10.131391,7,38.904431
-9.308432,10,38.911199
-11.422104,10,38.917877
-12.262293,8,38.923144
-10.40526,8,38.928496
-10.192079,8,38.934657
-10.133213,8,38.941853
-10.787837,7,38.946813
-9.73629,9,38.953184
-10.658597,7,38.957806
-10.462917,7,38.962678
-10.270281,7,38.967331
-11.853747,7,38.971772
-10.87207,6,38.975937
-11.551729,7,38.980667
-11.413001,6,38.984711
-11.215978,9,38.990902
-10.932462,7,38.995392
-11.342916,9,39.001598
-10.346644,8,39.006772
-9.251052,11,39.01408
-12.252798,7,39.018767
-9.033035,10,39.025429
-10.105122,8,39.030879
-12.371236,8,39.036311
-11.830568,8,39.042645
-11.398191,9,39.049723
-9.914545,8,39.055632
-10.85113,9,39.061819
-10.171686,9,39.067836
-12.7072,8,39.073375
-9.875836,9,39.079374
-10.065556,10,39.086265
-10.045989,9,39.092251
-10.820891,8,39.097712
-10.520934,8,39.103032
-10.916345,7,39.107717
-10.290437,7,39.1122
-10.577241,7,39.116877
-10.553978,7,39.121645
-10.045554,8,39.127091
-10.178066,8,39.132508
-10.249774,9,39.138469
-9.999307,8,39.145278
-10.690431,7,39.152017
-10.714428,8,39.160093
-10.318537,8,39.165983
-9.263155,11,39.173449
-10.710268,7,39.178197
-10.71562,7,39.183384
-10.601465,7,39.188377
-10.141374,8,39.194037
-11.805204,9,39.200128
-11.145711,9,39.206149
-10.421175,8,39.211346
-10.365768,8,39.216695
-9.621572,9,39.22286
-9.931446,9,39.228707
-10.210568,7,39.233373
-10.688075,7,39.237947
-10.51136,8,39.243357
-10.108288,8,39.249662
-11.8721,8,39.255276
-10.316247,7,39.260772
-11.050411,7,39.265661
-10.013586,8,39.271643
-10.191822,7,39.276365
-10.34233,8,39.281773
-10.227151,8,39.287262
-9.931258,7,39.292046
-11.401043,9,39.297956
-10.642195,8,39.303295
-11.612251,9,39.309594
-10.91781,7,39.314308
-9.070324,9,39.32026
-11.056628,7,39.325004
-10.878828,7,39.329663
-10.30435,8,39.335069
-10.093973,8,39.340428
-10.272284,7,39.345229
-10.713555,7,39.349788
-10.056367,8,39.356068
-11.133202,7,39.361267
-10.098116,9,39.367917
-11.499428,9,39.374599
-11.265294,7,39.379242
-11.907484,7,39.384117
-10.694355,7,39.388993
-11.722019,8,39.394345
-10.120779,7,39.399191
-10.344566,7,39.404183
-9.39922,11,39.411762
-9.992032,8,39.417306
-11.091392,7,39.422102
-11.960149,8,39.427534
-10.016584,8,39.432931
-12.123575,9,39.439014
-9.876292,8,39.444628
-9.962652,8,39.449907
-12.982691,9,39.455957
-10.28272,8,39.462118
-11.728252,9,39.469229
-12.743293,7,39.474204
-9.430961,10,39.481156
-10.520294,8,39.486566
-10.990984,6,39.490732
-10.896892,7,39.495649
-10.402009,7,39.500187
-9.820169,8,39.5055
-9.911474,7,39.510302
-12.29062,9,39.516156
-11.033062,7,39.520901
-10.974496,10,39.527653
-13.177752,8,39.533061
-10.379425,8,39.538358
-11.693198,6,39.542284
-10.954924,6,39.546227
-10.413126,8,39.551472
-10.290694,8,39.556707
-9.870411,10,39.563489
-10.737545,7,39.569143
-10.591137,8,39.575042
-11.684547,9,39.58149
-13.230722,8,41.198797
-11.882564,8,41.204525
-10.257556,8,41.210137
-9.8228,8,41.215692
-9.77677,9,41.221749
-11.587683,9,41.227765
-12.177897,9,41.233741
-9.674169,8,41.239167
-9.307214,11,41.246494
-10.528174,7,41.251346
-9.708708,8,41.257583
-9.944204,10,41.264907
-10.374499,7,41.270294
-10.249614,8,41.275779
-10.611764,8,41.281283
-12.163896,7,41.286026
-11.239677,7,41.29086
-10.489556,7,41.295549
-11.488962,10,41.302183
-10.348471,7,41.306922
-10.872164,7,41.311776
-10.717922,9,41.323024
-16.553175,13,41.331808
-9.878102,9,41.337692
-10.159811,8,41.342979
-9.666496,9,41.348934
-9.918881,8,41.354184
-9.737614,8,41.360276
-10.418279,7,41.365037
-10.168096,6,41.370139
-10.405545,7,41.37504
-8.928087,10,41.381839
-9.956885,8,41.387456
-9.575123,9,41.393532
-11.925815,8,41.398959
-12.316652,7,41.403746
-10.384108,7,41.408372
-9.866063,9,41.414346
-9.060869,10,41.421186
-10.610823,8,41.426547
-10.178079,8,41.431837
-10.446086,8,41.437339
-9.959015,9,41.443476
-10.361685,9,41.449458
-10.138342,8,41.454871
-10.058178,8,41.460226
-9.892644,9,41.467217
-11.779421,9,41.474487
-10.175428,8,41.480412
-10.344327,9,41.486992
-9.411498,10,41.493824
-10.422089,8,41.499308
-8.919887,11,41.5068
-9.755696,8,41.51223
-10.983532,10,41.518867
-10.755596,8,41.524145
-10.303658,7,41.529004
-11.860861,9,41.535174
-10.601616,8,41.54066
-9.25698,10,41.547416
-9.754279,9,41.553365
-9.81122,9,41.559208
-10.029639,8,41.564633
-9.578483,9,41.570622
-9.316093,10,41.57876
-10.253648,7,41.586051
-10.361698,9,41.592534
-10.598247,7,41.597354
-10.661659,9,41.604709
-10.200033,8,41.610998
-10.517704,8,41.616479
-11.225641,11,41.62393
-9.802976,8,41.629381
-9.716456,9,41.635488
-12.062756,8,41.640774
-9.807739,10,41.64739
-10.171867,9,41.653258
-9.502583,10,41.660007
-10.025562,8,41.665663
-10.391526,7,41.670267
-11.739787,7,41.674913
-13.063616,7,41.680603
-10.20268,8,41.686772
-10.179161,6,41.691008
-10.540685,8,41.696503
-9.943469,10,41.703762
-9.592238,10,41.710181
-11.741881,10,41.717067
-9.991356,8,41.722555
-9.219287,10,41.729868
-10.270051,8,41.735504
-10.535456,8,41.740918
-9.684207,9,41.74685
-11.834844,8,41.752164
-10.262869,9,41.758184
-9.805456,8,41.763432
-10.211112,9,41.769372
-10.827021,11,41.776613
-9.717398,8,41.781959
-12.812648,13,41.792025
-13.010258,12,41.800246
-10.148287,9,41.80723
-9.95693,8,41.812657
-10.115791,9,41.818808
-10.18435,10,41.82585
-10.548186,9,41.831953
-9.904323,8,41.837402
-11.043151,11,41.844813
-9.95283,10,41.851235
-9.879657,8,41.856657
-10.285567,7,41.861418
-10.194298,9,41.867521
-10.81599,6,41.871475
-9.904553,8,41.876699
-9.679239,9,41.882709
-9.586143,11,41.890646
-10.047184,8,41.896237
-10.00317,9,41.903461
-10.085413,8,41.908999
-9.939318,9,41.915152
-11.195339,9,41.921254
-11.873086,9,41.927175
-11.48415,9,41.933269
-9.729752,8,41.938675
-10.698525,7,41.943074
-9.65028,10,41.949742
-10.19868,9,41.955564
-11.078796,10,41.962482
-9.878479,8,41.967685
-9.738545,9,41.973741
-11.70498,9,41.979788
-11.432591,11,41.987507
-10.148446,8,41.992751
-9.631927,9,41.999632
-10.082264,8,42.005772
-10.383363,9,42.012038
-9.554645,11,42.019715
-10.43164,7,42.024573
-9.511989,9,42.030563
-10.563911,7,42.035285
-10.516481,7,42.04001
-10.449037,7,42.044745
-9.906405,7,42.049273
-10.398224,7,42.053788
-9.37357,10,42.06051
-10.0424,7,42.06519
-9.727073,8,42.070406
-11.163724,7,42.075501
-9.995578,8,42.081854
-9.508095,9,42.089268
-10.084417,9,42.096725
-9.961639,8,42.107227
-9.93995,8,42.119195
-10.249405,9,42.13034
-9.977632,9,42.138672
-11.614401,10,42.147214
-12.266047,8,42.152841
-10.365389,8,42.158255
-9.764687,8,42.163813
-9.611542,9,42.169944
-11.233183,10,42.176724
-10.261087,8,42.182146
-9.873383,10,42.188697
-11.913556,9,42.194748
-11.293362,9,42.200855
-9.957169,7,42.206482
-9.9207,9,42.213374
-9.330709,10,42.220589
-11.841774,9,42.226706
-9.778937,9,42.233174
-11.82382,10,42.240045
-9.687177,10,42.2474
-11.073981,7,42.25337
-10.407495,7,42.258149
-9.809339,9,42.26434
-9.806738,9,42.270491
-10.509581,8,42.275985
-9.267467,10,42.283257
-10.242055,8,42.289182
-10.017175,8,42.294854
-10.244417,8,42.300554
-12.229267,9,42.307756
-11.934195,8,42.313229
-9.684381,11,42.321463
-10.558312,7,42.326703
-11.158356,11,42.334355
-9.695678,8,42.340742
-11.441963,10,42.347607
-10.259344,7,42.352544
-9.919557,10,42.359522
-10.756139,7,42.364591
-9.835057,9,42.371696
-10.26638,7,42.377161
-11.105362,9,42.383613
-9.69181,10,42.390989
-9.859507,9,42.397264
-10.657124,8,42.403233
-11.086215,10,42.411102
-9.670258,10,42.418119
-10.227192,8,42.424317
-9.23806,12,42.432923
-10.575219,8,42.438847
-10.814572,7,42.443828
-9.915493,8,42.449554
-11.448895,10,42.457315
-10.408611,8,42.462814
-10.654179,6,42.467013
-11.696086,9,42.47363
-11.674454,10,42.480507
-10.33324,7,42.485291
-10.138107,7,42.490689
-10.682675,8,42.496149
-9.380316,10,42.50317
-11.105745,7,42.508081
-10.562275,7,42.512851
-9.511859,9,42.520687
-15.065224,12,42.529341
-10.803911,7,42.534561
-13.684852,11,42.544521
-10.497244,8,42.550227
-9.538705,9,42.557774
-11.789797,8,42.563499
-9.442026,10,42.57171
-10.022741,6,42.576142
-10.883497,6,42.58019
-10.805967,7,42.585109
-9.656124,9,42.591618
-11.784263,9,42.597878
-11.786555,8,42.603757
-10.060194,8,42.609313
-10.353368,8,42.614566
-11.223764,7,42.620482
-9.613614,10,42.627788
-9.939199,9,42.634193
-9.441799,10,42.641462
-10.530911,7,42.646488
-11.244587,9,42.653429
-9.876043,8,42.658803
